{
  "configVersion": 7,
  "animationSmoothingSpeed": 20.0,
  "holdingItems": [
    "minecraft:clock",
    "minecraft:soul_lantern",
    "minecraft:compass",
    "minecraft:torch",
    "minecraft:lantern",
    "minecraft:soul_torch",
    "supplementaries:copper_lantern",
    "supplementaries:silver_lantern",
    "nethersdelight:propelplant_torch"
  ],
  "enableAnimationSmoothing": true,
  "enableInWorldMapRendering": true,
  "enableOffhandHiding": true,
  "enableRotationLocking": true,
  "enableLadderAnimation": true,
  "ladderAnimationAmplifier": 0.35,
  "ladderAnimationArmHeight": 1.7,
  "ladderAnimationArmSpeed": 2.0,
  "enableRotateToLadder": true,
  "enableEatDrinkAnimation": true,
  "enableRowBoatAnimation": true,
  "enableHorseAnimation": true,
  "dontHoldItemsInBed": true,
  "freezeArmsInBed": true,
  "rotationLock": "NONE",
  "showLastUsedSword": true,
  "sheathSwords": [
    "minecraft:golden_sword",
    "minecraft:iron_sword",
    "minecraft:wooden_sword",
    "minecraft:stone_sword",
    "minecraft:diamond_sword",
    "minecraft:netherite_sword",
    "iceandfire:copper_sword",
    "iceandfire:silver_sword",
    "iceandfire:hippogryph_sword",
    "iceandfire:myrmex_desert_sword",
    "iceandfire:myrmex_jungle_sword",
    "iceandfire:ghost_sword",
    "iceandfire:dread_knight_sword",
    "iceandfire:dread_sword",
    "irons_spellbooks:magehunter",
    "aquamirae:divider",
    "aquamirae:terrible_sword",
    "aquamirae:fin_cutter",
    "aquamirae:remnants_saber",
    "malum:soul_stained_steel_sword",
    "lucky:lucky_sword",
    "upgradednetherite:corrupt_upgraded_netherite_sword",
    "upgradednetherite:ender_upgraded_netherite_sword",
    "upgradednetherite:feather_upgraded_netherite_sword",
    "upgradednetherite:fire_upgraded_netherite_sword",
    "upgradednetherite:gold_upgraded_netherite_sword",
    "upgradednetherite:phantom_upgraded_netherite_sword",
    "upgradednetherite:water_upgraded_netherite_sword",
    "upgradednetherite:wither_upgraded_netherite_sword",
    "majruszsdifficulty:enderium_sword",
    "majruszsdifficulty:wither_sword"
  ],
  "enableCrawlingAnimation": true,
  "holdUpAllItems": false,
  "itemSwapAnimation": true,
  "tweakElytraAnimation": true,
  "petAnimation": true,
  "fallingAnimation": false,
  "freezingAnimation": true,
  "huggingAnimation": false,
  "narutoRunning": false,
  "enableInWorldBookRendering": false
}