{
  "__comment": [
    "Mobs will be able to equip items declared here",
    "The first number is the weight while the second number is the quality",
    "Weight is the weight of an item. Higher weight means that the item is more likely to get choosen",
    "Quality is a modifier applied to the weight. The final weight used is weight + quality * current difficulty"
  ],
  "MAINHAND": {
    "minecraft:bow": [
      1108,
      3.3252485
    ],
    "minecraft:crossbow": [
      1000,
      3.3789356
    ],
    "minecraft:diamond_axe": [
      693,
      3.277826
    ],
    "minecraft:diamond_sword": [
      789,
      3.35481
    ],
    "minecraft:enchanted_book": [
      1100,
      3.330605
    ],
    "minecraft:golden_axe": [
      1248,
      3.1983666
    ],
    "minecraft:golden_sword": [
      1362,
      3.0519345
    ],
    "minecraft:iron_axe": [
      1087,
      3.3388495
    ],
    "minecraft:iron_sword": [
      1225,
      3.2233663
    ],
    "minecraft:lingering_potion{Potion:\"minecraft:harming\"}": [
      1050,
      3.3591573
    ],
    "minecraft:lingering_potion{Potion:\"minecraft:weakness\"}": [
      1050,
      3.3591573
    ],
    "minecraft:netherite_axe": [
      498,
      3.5040615
    ],
    "minecraft:netherite_sword": [
      602,
      3.1595929
    ],
    "minecraft:snowball": [
      1400,
      2.99516
    ],
    "minecraft:splash_potion{Potion:\"minecraft:harming\"}": [
      1050,
      3.3591573
    ],
    "minecraft:splash_potion{Potion:\"minecraft:weakness\"}": [
      1050,
      3.3591573
    ],
    "minecraft:stone_axe": [
      1122,
      3.3153648
    ],
    "minecraft:stone_sword": [
      1298,
      3.138668
    ],
    "minecraft:tnt": [
      800,
      3.3607779
    ],
    "minecraft:trident": [
      900,
      3.3903658
    ],
    "minecraft:wooden_axe": [
      1240,
      3.2072408
    ],
    "minecraft:wooden_sword": [
      1354,
      3.0633936
    ]
  },
  "OFFHAND": {
    "minecraft:ender_pearl": [
      1100,
      3.330605
    ],
    "minecraft:flint_and_steel": [
      1200,
      3.248736
    ],
    "minecraft:lava_bucket": [
      900,
      3.3903658
    ],
    "minecraft:shield": [
      1350,
      3.0690577
    ],
    "shieldexp:diamond_shield": [
      1350,
      3.0690577
    ],
    "shieldexp:golden_shield": [
      1350,
      3.0690577
    ],
    "shieldexp:iron_shield": [
      1350,
      3.0690577
    ],
    "shieldexp:netherite_shield": [
      1350,
      3.0690577
    ],
    "shieldexp:wooden_shield": [
      1350,
      3.0690577
    ]
  },
  "FEET": {
    "minecraft:chainmail_boots": [
      1098,
      3.3319101
    ],
    "minecraft:diamond_boots": [
      444,
      3.5762582
    ],
    "minecraft:golden_boots": [
      1201,
      3.2477574
    ],
    "minecraft:iron_boots": [
      954,
      3.3890054
    ],
    "minecraft:leather_boots": [
      1356,
      3.060545
    ],
    "minecraft:netherite_boots": [
      361,
      3.5755088
    ]
  },
  "LEGS": {
    "minecraft:chainmail_leggings": [
      1098,
      3.3319101
    ],
    "minecraft:diamond_leggings": [
      444,
      3.5762582
    ],
    "minecraft:golden_leggings": [
      1201,
      3.2477574
    ],
    "minecraft:iron_leggings": [
      954,
      3.3890054
    ],
    "minecraft:leather_leggings": [
      1356,
      3.060545
    ],
    "minecraft:netherite_leggings": [
      361,
      3.5755088
    ]
  },
  "CHEST": {
    "minecraft:chainmail_chestplate": [
      1098,
      3.3319101
    ],
    "minecraft:diamond_chestplate": [
      444,
      3.5762582
    ],
    "minecraft:golden_chestplate": [
      1201,
      3.2477574
    ],
    "minecraft:iron_chestplate": [
      954,
      3.3890054
    ],
    "minecraft:leather_chestplate": [
      1356,
      3.060545
    ],
    "minecraft:netherite_chestplate": [
      361,
      3.5755088
    ]
  },
  "HEAD": {
    "minecraft:chainmail_helmet": [
      1098,
      3.3319101
    ],
    "minecraft:diamond_helmet": [
      444,
      3.5762582
    ],
    "minecraft:golden_helmet": [
      1201,
      3.2477574
    ],
    "minecraft:iron_helmet": [
      954,
      3.3890054
    ],
    "minecraft:leather_helmet": [
      1356,
      3.060545
    ],
    "minecraft:netherite_helmet": [
      361,
      3.5755088
    ]
  }
}